branch/tag,test_qubit_circuit_with_jit,test_probs_jax,test_jacobian_variable_multiply[jacfwd],test_jacobian_variable_multiply[jacrev],test_state_differentiability[wires0],test_state_differentiability[wires1],test_CRot_gradient[-6.283185307179586],test_CRot_gradient[-4.71238898038469],test_CRot_gradient[-3.141592653589793],test_CRot_gradient[-1.5707963267948966],test_CRot_gradient[0.0],test_CRot_gradient[1.5707963267948966],test_CRot_gradient[3.141592653589793],test_prob_differentiability,test_jax_interface_gradient[backprop-U3],test_jax_interface_gradient[backprop-compute_decomposition],test_multirz_jacobian[jacfwd],test_multirz_jacobian[jacrev]
add-pytest-benchmarks,5.1898124961979875e-06,0.009168393800001695,0.049053846600003226,0.0695828888000051,0.01903208539999355,0.01856560183673293,0.04563000240000292,0.04526082054999989,0.04493406069999821,0.04654838889999837,0.04514943230000199,0.04525186884999784,0.04469396939999655,0.11328706520000083,0.040415765399990276,0.06028799649999428,0.011363656199995376,0.014808811800008925
refs/heads/main,5.2173125002497045e-06,0.009425322000009829,0.04878090699999689,0.07018914899999232,0.018825373000009905,0.018554310166665644,0.04729173840000271,0.045831270052635896,0.046049342947366324,0.04557785260000315,0.045334434499997654,0.04524875710526251,0.045343054999999396,0.11201310619999845,0.04029785380000135,0.06230680833333224,0.011568349599997418,0.01488276199999632
