branch/tag,test_qubit_circuit_with_jit,test_probs_jax,test_jacobian_variable_multiply[jacfwd],test_jacobian_variable_multiply[jacrev],test_state_differentiability[wires0],test_state_differentiability[wires1],test_CRot_gradient[-6.283185307179586],test_CRot_gradient[-4.71238898038469],test_CRot_gradient[-3.141592653589793],test_CRot_gradient[-1.5707963267948966],test_CRot_gradient[0.0],test_CRot_gradient[1.5707963267948966],test_CRot_gradient[3.141592653589793],test_prob_differentiability,test_jax_interface_gradient[backprop-U3],test_jax_interface_gradient[backprop-compute_decomposition],test_multirz_jacobian[jacfwd],test_multirz_jacobian[jacrev]
add-pytest-benchmarks,5.071250001265071e-06,0.00921588779999638,0.04889857520000192,0.06961654180000779,0.018841804600015166,0.018555698640002446,0.04680834839999761,0.0455785474210571,0.045494754900002474,0.045152010850000576,0.04506627785000035,0.04522199275000958,0.04518607180000345,0.11373934659999349,0.04054769120000401,0.06026427866666495,0.011265191400013919,0.014651736199994048
refs/heads/main,5.171374997559042e-06,0.009347300000007408,0.04900717759999225,0.07091616320001322,0.019229559999990896,0.018727624918365597,0.046829585399996175,0.04600165344999994,0.04589306744999959,0.04571899150000007,0.045600933150005574,0.04564937565000378,0.04574988439999998,0.11384732719999988,0.04067172460000847,0.06018329633333508,0.011601805199995851,0.014785197999998445
