branch/tag,test_qubit_circuit_with_jit,test_probs_jax,test_jacobian_variable_multiply[jacfwd],test_jacobian_variable_multiply[jacrev],test_state_differentiability[wires0],test_state_differentiability[wires1],test_CRot_gradient[-6.283185307179586],test_CRot_gradient[-4.71238898038469],test_CRot_gradient[-3.141592653589793],test_CRot_gradient[-1.5707963267948966],test_CRot_gradient[0.0],test_CRot_gradient[1.5707963267948966],test_CRot_gradient[3.141592653589793],test_prob_differentiability,test_jax_interface_gradient[backprop-U3],test_jax_interface_gradient[backprop-compute_decomposition],test_multirz_jacobian[jacfwd],test_multirz_jacobian[jacrev]
add-pytest-benchmarks,5.479000003560941e-06,0.009530223000001569,0.04877984079998896,0.07011112259998527,0.01926319200000535,0.018667570063829762,0.047057385199991586,0.0459168096315786,0.045663818400002755,0.04564648415789544,0.04570192976470868,0.04592342515000212,0.04590838778947452,0.1170244240000045,0.04156566500000736,0.060357496666663714,0.012586323200008565,0.015134169599991764
refs/heads/main,5.220999998556408e-06,0.008989416200000733,0.0481328499999961,0.07027877479999348,0.01890545199999565,0.01848655393749965,0.04565720960000021,0.04490249770000219,0.04481431421052512,0.04488701829999684,0.045190346800006866,0.04480285319999382,0.044582574849994214,0.11470654459999423,0.039860609999993815,0.05924622200000348,0.01133612619998985,0.014508804399997643
