branch/tag,test_qubit_circuit_with_jit,test_probs_jax,test_jacobian_variable_multiply[jacfwd],test_jacobian_variable_multiply[jacrev],test_state_differentiability[wires0],test_state_differentiability[wires1],test_CRot_gradient[-6.283185307179586],test_CRot_gradient[-4.71238898038469],test_CRot_gradient[-3.141592653589793],test_CRot_gradient[-1.5707963267948966],test_CRot_gradient[0.0],test_CRot_gradient[1.5707963267948966],test_CRot_gradient[3.141592653589793],test_prob_differentiability,test_jax_interface_gradient[backprop-U3],test_jax_interface_gradient[backprop-compute_decomposition],test_multirz_jacobian[jacfwd],test_multirz_jacobian[jacrev]
add-pytest-benchmarks,5.479000003560941e-06,0.009530223000001569,0.04877984079998896,0.07011112259998527,0.01926319200000535,0.018667570063829762,0.047057385199991586,0.0459168096315786,0.045663818400002755,0.04564648415789544,0.04570192976470868,0.04592342515000212,0.04590838778947452,0.1170244240000045,0.04156566500000736,0.060357496666663714,0.012586323200008565,0.015134169599991764
refs/heads/main,5.232312497938096e-06,0.009142740199996524,0.049196902400001366,0.07164425339999525,0.019990586599993775,0.019339329936170022,0.04831755760000078,0.04775061857894888,0.04735844889473571,0.04726604684210214,0.047356469526318425,0.04784893521052649,0.04696660484211029,0.11534422740000991,0.04196011800000861,0.06179888480000954,0.011519530000009581,0.014644721799982108
