branch/tag,test_qubit_circuit_with_jit,test_probs_jax,test_jacobian_variable_multiply[jacfwd],test_jacobian_variable_multiply[jacrev],test_state_differentiability[wires0],test_state_differentiability[wires1],test_CRot_gradient[-6.283185307179586],test_CRot_gradient[-4.71238898038469],test_CRot_gradient[-3.141592653589793],test_CRot_gradient[-1.5707963267948966],test_CRot_gradient[0.0],test_CRot_gradient[1.5707963267948966],test_CRot_gradient[3.141592653589793],test_prob_differentiability,test_jax_interface_gradient[backprop-U3],test_jax_interface_gradient[backprop-compute_decomposition],test_multirz_jacobian[jacfwd],test_multirz_jacobian[jacrev]
add-pytest-benchmarks,5.479000003560941e-06,0.009530223000001569,0.04877984079998896,0.07011112259998527,0.01926319200000535,0.018667570063829762,0.047057385199991586,0.0459168096315786,0.045663818400002755,0.04564648415789544,0.04570192976470868,0.04592342515000212,0.04590838778947452,0.1170244240000045,0.04156566500000736,0.060357496666663714,0.012586323200008565,0.015134169599991764
refs/heads/main,5.619062502404404e-06,0.010062337400000843,0.05331272259999196,0.0751930504000029,0.020393561799994585,0.01989765321739249,0.049430504999997994,0.049845493055558326,0.04952762299999828,0.049183578666666485,0.0501854267222244,0.04928566022222311,0.048962817000001574,0.11677500719998761,0.04279329480000342,0.06437960739998516,0.012039947200003098,0.015935756799990486
