branch/tag,test_qubit_circuit_with_jit,test_probs_jax,test_jacobian_variable_multiply[jacfwd],test_jacobian_variable_multiply[jacrev],test_state_differentiability[wires0],test_state_differentiability[wires1],test_CRot_gradient[-6.283185307179586],test_CRot_gradient[-4.71238898038469],test_CRot_gradient[-3.141592653589793],test_CRot_gradient[-1.5707963267948966],test_CRot_gradient[0.0],test_CRot_gradient[1.5707963267948966],test_CRot_gradient[3.141592653589793],test_prob_differentiability,test_jax_interface_gradient[backprop-U3],test_jax_interface_gradient[backprop-compute_decomposition],test_multirz_jacobian[jacfwd],test_multirz_jacobian[jacrev]
add-pytest-benchmarks,5.071250001265071e-06,0.00921588779999638,0.04889857520000192,0.06961654180000779,0.018841804600015166,0.018555698640002446,0.04680834839999761,0.0455785474210571,0.045494754900002474,0.045152010850000576,0.04506627785000035,0.04522199275000958,0.04518607180000345,0.11373934659999349,0.04054769120000401,0.06026427866666495,0.011265191400013919,0.014651736199994048
refs/heads/main,5.269750001701823e-06,0.00931431559999396,0.049178962199999884,0.07234874739999668,0.020235181799995415,0.01905910781249946,0.04746507480000446,0.046604829599999675,0.046006125473682186,0.04652001589999486,0.046303024315793244,0.045743233599999655,0.04620277357894727,0.11631654660000094,0.041395197800000005,0.061031972499989706,0.011556780600000139,0.014660064800000327
