branch/tag,test_qubit_circuit_with_jit,test_probs_jax,test_jacobian_variable_multiply[jacfwd],test_jacobian_variable_multiply[jacrev],test_state_differentiability[wires0],test_state_differentiability[wires1],test_CRot_gradient[-6.283185307179586],test_CRot_gradient[-4.71238898038469],test_CRot_gradient[-3.141592653589793],test_CRot_gradient[-1.5707963267948966],test_CRot_gradient[0.0],test_CRot_gradient[1.5707963267948966],test_CRot_gradient[3.141592653589793],test_prob_differentiability,test_jax_interface_gradient[backprop-U3],test_jax_interface_gradient[backprop-compute_decomposition],test_multirz_jacobian[jacfwd],test_multirz_jacobian[jacrev]
add-pytest-benchmarks,5.071250001265071e-06,0.00921588779999638,0.04889857520000192,0.06961654180000779,0.018841804600015166,0.018555698640002446,0.04680834839999761,0.0455785474210571,0.045494754900002474,0.045152010850000576,0.04506627785000035,0.04522199275000958,0.04518607180000345,0.11373934659999349,0.04054769120000401,0.06026427866666495,0.011265191400013919,0.014651736199994048
refs/heads/main,5.117749998007071e-06,0.009048094600007061,0.048684102800007165,0.06901802160000443,0.018797257799991484,0.0181492763600005,0.044959943399999244,0.04441906430000131,0.04494152704999692,0.04446441365000027,0.04453407839999812,0.04454073054999981,0.04457247604999566,0.11250073919999296,0.039382325400009674,0.059424490833331824,0.011466969999992216,0.014904290599997694
