branch/tag,test_qubit_circuit_with_jit,test_probs_jax,test_jacobian_variable_multiply[jacfwd],test_jacobian_variable_multiply[jacrev],test_state_differentiability[wires0],test_state_differentiability[wires1],test_CRot_gradient[-6.283185307179586],test_CRot_gradient[-4.71238898038469],test_CRot_gradient[-3.141592653589793],test_CRot_gradient[-1.5707963267948966],test_CRot_gradient[0.0],test_CRot_gradient[1.5707963267948966],test_CRot_gradient[3.141592653589793],test_prob_differentiability,test_jax_interface_gradient[backprop-U3],test_jax_interface_gradient[backprop-compute_decomposition],test_multirz_jacobian[jacfwd],test_multirz_jacobian[jacrev]
add-pytest-benchmarks,5.479000003560941e-06,0.009530223000001569,0.04877984079998896,0.07011112259998527,0.01926319200000535,0.018667570063829762,0.047057385199991586,0.0459168096315786,0.045663818400002755,0.04564648415789544,0.04570192976470868,0.04592342515000212,0.04590838778947452,0.1170244240000045,0.04156566500000736,0.060357496666663714,0.012586323200008565,0.015134169599991764
refs/heads/main,5.330000004022395e-06,0.009647989400002643,0.049551685999995244,0.0713876406000054,0.019477504999986194,0.01929794843749851,0.04769895679999081,0.04645106647367775,0.04665761105264054,0.045639542894736894,0.045954274157895124,0.04538820352631415,0.04548068269999135,0.11422870500001636,0.04012973559998727,0.059210772500013796,0.011395991999995659,0.014751329600005646
