branch/tag,test_qubit_circuit_with_jit,test_probs_jax,test_jacobian_variable_multiply[jacfwd],test_jacobian_variable_multiply[jacrev],test_state_differentiability[wires0],test_state_differentiability[wires1],test_CRot_gradient[-6.283185307179586],test_CRot_gradient[-4.71238898038469],test_CRot_gradient[-3.141592653589793],test_CRot_gradient[-1.5707963267948966],test_CRot_gradient[0.0],test_CRot_gradient[1.5707963267948966],test_CRot_gradient[3.141592653589793],test_prob_differentiability,test_jax_interface_gradient[backprop-U3],test_jax_interface_gradient[backprop-compute_decomposition],test_multirz_jacobian[jacfwd],test_multirz_jacobian[jacrev]
add-pytest-benchmarks,5.479000003560941e-06,0.009530223000001569,0.04877984079998896,0.07011112259998527,0.01926319200000535,0.018667570063829762,0.047057385199991586,0.0459168096315786,0.045663818400002755,0.04564648415789544,0.04570192976470868,0.04592342515000212,0.04590838778947452,0.1170244240000045,0.04156566500000736,0.060357496666663714,0.012586323200008565,0.015134169599991764
refs/heads/main,5.462687498791752e-06,0.009484469000000217,0.04939671759999555,0.07021032279999986,0.019106892400003517,0.01861059889795493,0.04581541960000664,0.04528045504999767,0.04561284205262657,0.04576276061111173,0.0455478462500011,0.04599504894999029,0.04527342430000658,0.11243049440000732,0.04137771140000268,0.061834159166674375,0.01151108680002153,0.015000633200020274
