branch/tag,test_qubit_circuit_with_jit,test_probs_jax,test_jacobian_variable_multiply[jacfwd],test_jacobian_variable_multiply[jacrev],test_state_differentiability[wires0],test_state_differentiability[wires1],test_CRot_gradient[-6.283185307179586],test_CRot_gradient[-4.71238898038469],test_CRot_gradient[-3.141592653589793],test_CRot_gradient[-1.5707963267948966],test_CRot_gradient[0.0],test_CRot_gradient[1.5707963267948966],test_CRot_gradient[3.141592653589793],test_prob_differentiability,test_jax_interface_gradient[backprop-U3],test_jax_interface_gradient[backprop-compute_decomposition],test_multirz_jacobian[jacfwd],test_multirz_jacobian[jacrev]
add-pytest-benchmarks,4.912611113165137e-06,0.01021726119999471,0.05606285279999383,0.08041738039999587,0.021696851200005085,0.021054317533335306,0.051647332600009574,0.05102360089999962,0.050548146549998306,0.08911593555000223,0.050668186650003125,0.05046627624999615,0.05037210809999948,0.1087364414000092,0.04330570239999361,0.06413857466667612,0.013007897000005642,0.01667469640000263
refs/heads/main,6.987944448471555e-06,0.01077024040000083,0.05865404179999132,0.08391702979999423,0.022637886800004024,0.02246421804651285,0.055665808399993466,0.05486206552631463,0.05358793357894635,0.0538163333157887,0.05335538557894749,0.053331679315783434,0.05402305294736577,0.11192341300000522,0.04510948199999802,0.06718299483333112,0.01310010700000248,0.017381570599997075
