branch/tag,test_qubit_circuit_with_jit,test_probs_jax,test_jacobian_variable_multiply[jacfwd],test_jacobian_variable_multiply[jacrev],test_state_differentiability[wires0],test_state_differentiability[wires1],test_CRot_gradient[-6.283185307179586],test_CRot_gradient[-4.71238898038469],test_CRot_gradient[-3.141592653589793],test_CRot_gradient[-1.5707963267948966],test_CRot_gradient[0.0],test_CRot_gradient[1.5707963267948966],test_CRot_gradient[3.141592653589793],test_prob_differentiability,test_jax_interface_gradient[backprop-U3],test_jax_interface_gradient[backprop-compute_decomposition],test_multirz_jacobian[jacfwd],test_multirz_jacobian[jacrev]
add-pytest-benchmarks,4.741666663853215e-06,0.010410620799996195,0.21192363820000537,0.08320610480000142,0.022503471600003877,0.021936432953490497,0.05482277399999589,0.0524082707368441,0.052461687550000136,0.052194661250001675,0.052919071263156515,0.05240043210526467,0.05267148129999555,0.11010468799998989,0.04474161699999968,0.06669647816666686,0.013166276599997672,0.017212222400007703
refs/pull/2/merge,5.2418823569870955e-06,0.011499315600002547,0.06144253379999896,0.08500240700000176,0.023729931400004033,0.02234396375000229,0.05762758619999886,0.05614634488889515,0.05687116389473832,0.055587958789474395,0.058313438222225185,0.056485028500004475,0.05758237950000162,0.11703291260000129,0.048103369600005406,0.07492498600000772,0.014166652999995222,0.01918908720000445
