branch/tag,test_qubit_circuit_with_jit,test_probs_jax,test_jacobian_variable_multiply[jacfwd],test_jacobian_variable_multiply[jacrev],test_state_differentiability[wires0],test_state_differentiability[wires1],test_CRot_gradient[-6.283185307179586],test_CRot_gradient[-4.71238898038469],test_CRot_gradient[-3.141592653589793],test_CRot_gradient[-1.5707963267948966],test_CRot_gradient[0.0],test_CRot_gradient[1.5707963267948966],test_CRot_gradient[3.141592653589793],test_prob_differentiability,test_jax_interface_gradient[backprop-U3],test_jax_interface_gradient[backprop-compute_decomposition],test_multirz_jacobian[jacfwd],test_multirz_jacobian[jacrev]
add-pytest-benchmarks,4.741666663853215e-06,0.010410620799996195,0.21192363820000537,0.08320610480000142,0.022503471600003877,0.021936432953490497,0.05482277399999589,0.0524082707368441,0.052461687550000136,0.052194661250001675,0.052919071263156515,0.05240043210526467,0.05267148129999555,0.11010468799998989,0.04474161699999968,0.06669647816666686,0.013166276599997672,0.017212222400007703
refs/pull/2/merge,5.041277775477384e-06,0.01020073480000292,0.05527279439999688,0.07971593800000391,0.022065795800000388,0.021326947409092932,0.05185662200000252,0.05140391434999714,0.05059127939999826,0.05034085839999847,0.05045724780000569,0.05015943504999569,0.05043977835000533,0.10789783839999814,0.04273163859999727,0.06783754650000635,0.012957570399998985,0.01691926860000308
