branch/tag,test_qubit_circuit_with_jit,test_probs_jax,test_jacobian_variable_multiply[jacfwd],test_jacobian_variable_multiply[jacrev],test_state_differentiability[wires0],test_state_differentiability[wires1],test_CRot_gradient[-6.283185307179586],test_CRot_gradient[-4.71238898038469],test_CRot_gradient[-3.141592653589793],test_CRot_gradient[-1.5707963267948966],test_CRot_gradient[0.0],test_CRot_gradient[1.5707963267948966],test_CRot_gradient[3.141592653589793],test_prob_differentiability,test_jax_interface_gradient[backprop-U3],test_jax_interface_gradient[backprop-compute_decomposition],test_multirz_jacobian[jacfwd],test_multirz_jacobian[jacrev]
add-pytest-benchmarks,5.2721111135017254e-06,0.009789115600005971,0.05074404000000641,0.07800310319998971,0.0205741675999775,0.020091423104169337,0.04741277140000193,0.04762296995454304,0.048201113857149244,0.048656540761899555,0.04739197690476734,0.04710173281817602,0.04872151238095057,0.11089279940000552,0.04381619140000339,0.05724844249998758,0.013081511199982288,0.017892117400003828
refs/heads/main,4.6256499970809274e-06,0.009159232400003247,0.04866471120000711,0.07267733300000145,0.01975963699999852,0.019074965420003878,0.04412642100000426,0.04525420695652147,0.04516866330434912,0.04528357117391371,0.04502685108695667,0.044676210090908726,0.044353195086955566,0.10585779033333154,0.040184867799990795,0.05350772671428672,0.012320209400007798,0.0166784772000085
