branch/tag,test_qubit_circuit_with_jit,test_probs_jax,test_jacobian_variable_multiply[jacfwd],test_jacobian_variable_multiply[jacrev],test_state_differentiability[wires0],test_state_differentiability[wires1],test_CRot_gradient[-6.283185307179586],test_CRot_gradient[-4.71238898038469],test_CRot_gradient[-3.141592653589793],test_CRot_gradient[-1.5707963267948966],test_CRot_gradient[0.0],test_CRot_gradient[1.5707963267948966],test_CRot_gradient[3.141592653589793],test_prob_differentiability,test_jax_interface_gradient[backprop-U3],test_jax_interface_gradient[backprop-compute_decomposition],test_multirz_jacobian[jacfwd],test_multirz_jacobian[jacrev]
add-pytest-benchmarks,5.2721111135017254e-06,0.009789115600005971,0.05074404000000641,0.07800310319998971,0.0205741675999775,0.020091423104169337,0.04741277140000193,0.04762296995454304,0.048201113857149244,0.048656540761899555,0.04739197690476734,0.04710173281817602,0.04872151238095057,0.11089279940000552,0.04381619140000339,0.05724844249998758,0.013081511199982288,0.017892117400003828
refs/heads/main,5.2041111062963964e-06,0.009397543000000041,0.04837937320000947,0.07270296920000874,0.019343102999994245,0.01897701743136765,0.045504588799997234,0.04503689656521552,0.04460777247825955,0.0448481230434862,0.0447835843043475,0.044688105608693844,0.04486516943478344,0.10796561919997885,0.040759463199992754,0.055218681166669135,0.012168466200012062,0.016477723399998468
