branch/tag,test_qubit_circuit_with_jit,test_probs_jax,test_jacobian_variable_multiply[jacfwd],test_jacobian_variable_multiply[jacrev],test_state_differentiability[wires0],test_state_differentiability[wires1],test_CRot_gradient[-6.283185307179586],test_CRot_gradient[-4.71238898038469],test_CRot_gradient[-3.141592653589793],test_CRot_gradient[-1.5707963267948966],test_CRot_gradient[0.0],test_CRot_gradient[1.5707963267948966],test_CRot_gradient[3.141592653589793],test_prob_differentiability,test_jax_interface_gradient[backprop-U3],test_jax_interface_gradient[backprop-compute_decomposition],test_multirz_jacobian[jacfwd],test_multirz_jacobian[jacrev]
add-pytest-benchmarks,4.912611113165137e-06,0.01021726119999471,0.05606285279999383,0.08041738039999587,0.021696851200005085,0.021054317533335306,0.051647332600009574,0.05102360089999962,0.050548146549998306,0.08911593555000223,0.050668186650003125,0.05046627624999615,0.05037210809999948,0.1087364414000092,0.04330570239999361,0.06413857466667612,0.013007897000005642,0.01667469640000263
refs/heads/main,4.68222223856982e-06,0.010066533599990634,0.05619881540000051,0.07998072760000241,0.021620398999993996,0.021148360204545146,0.051049847999991016,0.050469949449995964,0.05011049739999862,0.05048236700000643,0.05020016414999873,0.050012850350000804,0.050076406899989934,0.10756062760000304,0.042486276000011,0.06413895783331706,0.012800363999997445,0.016552551199993104
