branch/tag,test_qubit_circuit_with_jit,test_probs_jax,test_jacobian_variable_multiply[jacfwd],test_jacobian_variable_multiply[jacrev],test_state_differentiability[wires0],test_state_differentiability[wires1],test_CRot_gradient[-6.283185307179586],test_CRot_gradient[-4.71238898038469],test_CRot_gradient[-3.141592653589793],test_CRot_gradient[-1.5707963267948966],test_CRot_gradient[0.0],test_CRot_gradient[1.5707963267948966],test_CRot_gradient[3.141592653589793],test_prob_differentiability,test_jax_interface_gradient[backprop-U3],test_jax_interface_gradient[backprop-compute_decomposition],test_multirz_jacobian[jacfwd],test_multirz_jacobian[jacrev]
add-pytest-benchmarks,4.80338889335346e-06,0.01027328700000112,0.05591547500000047,0.08103122379999946,0.022138904000001958,0.02165712702221754,0.05286243040000045,0.052112738749997334,0.051276962899997613,0.08947874584999624,0.05127292490000031,0.05099870084999765,0.05100959415000119,0.1076338928000041,0.04358540280000511,0.06605529483334276,0.013028788399998348,0.016944331199994167
refs/heads/main,4.817333332438365e-06,0.010402404799992836,0.056590782399996445,0.0827328591999958,0.022278965399999608,0.021841203159090904,0.05220852299999592,0.05186536119999659,0.05201072259999932,0.051646406350002394,0.05131656460000613,0.05136639150000235,0.051571310150004025,0.1090559570000039,0.044461520400000155,0.06547362483334022,0.013060978999999407,0.017049440600010256
