branch/tag,test_qubit_circuit_with_jit,test_probs_jax,test_jacobian_variable_multiply[jacfwd],test_jacobian_variable_multiply[jacrev],test_state_differentiability[wires0],test_state_differentiability[wires1],test_CRot_gradient[-6.283185307179586],test_CRot_gradient[-4.71238898038469],test_CRot_gradient[-3.141592653589793],test_CRot_gradient[-1.5707963267948966],test_CRot_gradient[0.0],test_CRot_gradient[1.5707963267948966],test_CRot_gradient[3.141592653589793],test_prob_differentiability,test_jax_interface_gradient[backprop-U3],test_jax_interface_gradient[backprop-compute_decomposition],test_multirz_jacobian[jacfwd],test_multirz_jacobian[jacrev]
add-pytest-benchmarks,5.2721111135017254e-06,0.009789115600005971,0.05074404000000641,0.07800310319998971,0.0205741675999775,0.020091423104169337,0.04741277140000193,0.04762296995454304,0.048201113857149244,0.048656540761899555,0.04739197690476734,0.04710173281817602,0.04872151238095057,0.11089279940000552,0.04381619140000339,0.05724844249998758,0.013081511199982288,0.017892117400003828
refs/heads/main,5.197999993495412e-06,0.009806447399978425,0.04949271459998954,0.07388567320000447,0.01988267699998687,0.01937367166667059,0.046358961799990085,0.04597250731818163,0.0460458935909132,0.04616034613636347,0.04643346359090763,0.04606341731817762,0.047087536409089185,0.11096084920000067,0.04208477599997877,0.05790848616666722,0.012899935400002959,0.017166104399996128
