branch/tag,test_qubit_circuit_with_jit,test_probs_jax,test_jacobian_variable_multiply[jacfwd],test_jacobian_variable_multiply[jacrev],test_state_differentiability[wires0],test_state_differentiability[wires1],test_CRot_gradient[-6.283185307179586],test_CRot_gradient[-4.71238898038469],test_CRot_gradient[-3.141592653589793],test_CRot_gradient[-1.5707963267948966],test_CRot_gradient[0.0],test_CRot_gradient[1.5707963267948966],test_CRot_gradient[3.141592653589793],test_prob_differentiability,test_jax_interface_gradient[backprop-U3],test_jax_interface_gradient[backprop-compute_decomposition],test_multirz_jacobian[jacfwd],test_multirz_jacobian[jacrev]
add-pytest-benchmarks,4.80338889335346e-06,0.01027328700000112,0.05591547500000047,0.08103122379999946,0.022138904000001958,0.02165712702221754,0.05286243040000045,0.052112738749997334,0.051276962899997613,0.08947874584999624,0.05127292490000031,0.05099870084999765,0.05100959415000119,0.1076338928000041,0.04358540280000511,0.06605529483334276,0.013028788399998348,0.016944331199994167
refs/heads/main,4.856777781330695e-06,0.010497481200007996,0.05708739780000656,0.08280178159999423,0.02230836219999901,0.02175191320454285,0.05294517200000541,0.05285416878947265,0.05244392083333101,0.0531373275500016,0.05220638642105625,0.09453818349999779,0.0525422695789464,0.1103848889999881,0.044370003600005245,0.0682472864000033,0.014246225999988838,0.01709341680000307
