branch/tag,test_qubit_circuit_with_jit,test_probs_jax,test_jacobian_variable_multiply[jacfwd],test_jacobian_variable_multiply[jacrev],test_state_differentiability[wires0],test_state_differentiability[wires1],test_CRot_gradient[-6.283185307179586],test_CRot_gradient[-4.71238898038469],test_CRot_gradient[-3.141592653589793],test_CRot_gradient[-1.5707963267948966],test_CRot_gradient[0.0],test_CRot_gradient[1.5707963267948966],test_CRot_gradient[3.141592653589793],test_prob_differentiability,test_jax_interface_gradient[backprop-U3],test_jax_interface_gradient[backprop-compute_decomposition],test_multirz_jacobian[jacfwd],test_multirz_jacobian[jacrev]
add-pytest-benchmarks,5.2721111135017254e-06,0.009789115600005971,0.05074404000000641,0.07800310319998971,0.0205741675999775,0.020091423104169337,0.04741277140000193,0.04762296995454304,0.048201113857149244,0.048656540761899555,0.04739197690476734,0.04710173281817602,0.04872151238095057,0.11089279940000552,0.04381619140000339,0.05724844249998758,0.013081511199982288,0.017892117400003828
refs/heads/main,5.094944450926657e-06,0.009396941800002879,0.04866948219998903,0.0727629859999979,0.019864522000011674,0.019285088428570622,0.046619726399990215,0.04510791973912932,0.046576029000000886,0.04495743526086926,0.04502217830434782,0.044781751173917674,0.044845096217389,0.10481713933332533,0.040217483399987944,0.055295394714278245,0.012110491399994316,0.01694265419999965
