branch/tag,test_qubit_circuit_with_jit,test_probs_jax,test_jacobian_variable_multiply[jacfwd],test_jacobian_variable_multiply[jacrev],test_state_differentiability[wires0],test_state_differentiability[wires1],test_CRot_gradient[-6.283185307179586],test_CRot_gradient[-4.71238898038469],test_CRot_gradient[-3.141592653589793],test_CRot_gradient[-1.5707963267948966],test_CRot_gradient[0.0],test_CRot_gradient[1.5707963267948966],test_CRot_gradient[3.141592653589793],test_prob_differentiability,test_jax_interface_gradient[backprop-U3],test_jax_interface_gradient[backprop-compute_decomposition],test_multirz_jacobian[jacfwd],test_multirz_jacobian[jacrev]
add-pytest-benchmarks,5.2721111135017254e-06,0.009789115600005971,0.05074404000000641,0.07800310319998971,0.0205741675999775,0.020091423104169337,0.04741277140000193,0.04762296995454304,0.048201113857149244,0.048656540761899555,0.04739197690476734,0.04710173281817602,0.04872151238095057,0.11089279940000552,0.04381619140000339,0.05724844249998758,0.013081511199982288,0.017892117400003828
refs/heads/main,5.058705884199726e-06,0.009514356600004704,0.0484518249999951,0.072153500800016,0.019369065800015052,0.018809082450980653,0.0457506146000128,0.04477346295651515,0.04484230454545468,0.04479482165217642,0.046730045782606776,0.04575678036365038,0.0448429658260871,0.10693457433332772,0.039810647800015884,0.054967062571425425,0.012216377399977319,0.016561674999991283
