branch/tag,test_qubit_circuit_with_jit,test_probs_jax,test_jacobian_variable_multiply[jacfwd],test_jacobian_variable_multiply[jacrev],test_state_differentiability[wires0],test_state_differentiability[wires1],test_CRot_gradient[-6.283185307179586],test_CRot_gradient[-4.71238898038469],test_CRot_gradient[-3.141592653589793],test_CRot_gradient[-1.5707963267948966],test_CRot_gradient[0.0],test_CRot_gradient[1.5707963267948966],test_CRot_gradient[3.141592653589793],test_prob_differentiability,test_jax_interface_gradient[backprop-U3],test_jax_interface_gradient[backprop-compute_decomposition],test_multirz_jacobian[jacfwd],test_multirz_jacobian[jacrev]
add-pytest-benchmarks,4.870777773804649e-06,0.010443666999992728,0.05827072680000356,0.08495894199999725,0.022418495399995207,0.022736827159092664,0.05454724839999585,0.05433738289473928,0.05339543299999599,0.05418839179999964,0.05577299089473573,0.053606981631576754,0.05337071673684148,0.1119183545999988,0.04546957599999359,0.06833938116666616,0.013703163200005974,0.017455576000003248
refs/pull/1/merge,4.8879444452470325e-06,0.010468137799989563,0.05671389160000899,0.08229738860001135,0.022089321600003587,0.02149768256818809,0.05214659619998656,0.05161271314999567,0.05157025615000066,0.052416820050004274,0.05131961082352799,0.051876706900003455,0.05135867699999323,0.11012396600001466,0.043648421400007464,0.06717890333332359,0.013151172799985034,0.017111306799995417
