branch/tag,test_qubit_circuit_with_jit,test_probs_jax,test_jacobian_variable_multiply[jacfwd],test_jacobian_variable_multiply[jacrev],test_state_differentiability[wires0],test_state_differentiability[wires1],test_CRot_gradient[-6.283185307179586],test_CRot_gradient[-4.71238898038469],test_CRot_gradient[-3.141592653589793],test_CRot_gradient[-1.5707963267948966],test_CRot_gradient[0.0],test_CRot_gradient[1.5707963267948966],test_CRot_gradient[3.141592653589793],test_prob_differentiability,test_jax_interface_gradient[backprop-U3],test_jax_interface_gradient[backprop-compute_decomposition],test_multirz_jacobian[jacfwd],test_multirz_jacobian[jacrev]
add-pytest-benchmarks,4.80338889335346e-06,0.01027328700000112,0.05591547500000047,0.08103122379999946,0.022138904000001958,0.02165712702221754,0.05286243040000045,0.052112738749997334,0.051276962899997613,0.08947874584999624,0.05127292490000031,0.05099870084999765,0.05100959415000119,0.1076338928000041,0.04358540280000511,0.06605529483334276,0.013028788399998348,0.016944331199994167
refs/pull/3/merge,4.770117648015858e-06,0.010317725200002315,0.05650435320001179,0.08181405259998656,0.022307483200006573,0.021623739840911392,0.052430577800009814,0.05175947794998592,0.051413876750012834,0.05145853705000718,0.05087619704999895,0.05114495474999785,0.050957996449997725,0.10830047960000684,0.04364364499999738,0.06705170700000924,0.013004071600016686,0.017182246399988797
