branch/tag,test_qubit_circuit_with_jit,test_probs_jax,test_jacobian_variable_multiply[jacfwd],test_jacobian_variable_multiply[jacrev],test_state_differentiability[wires0],test_state_differentiability[wires1],test_CRot_gradient[-6.283185307179586],test_CRot_gradient[-4.71238898038469],test_CRot_gradient[-3.141592653589793],test_CRot_gradient[-1.5707963267948966],test_CRot_gradient[0.0],test_CRot_gradient[1.5707963267948966],test_CRot_gradient[3.141592653589793],test_prob_differentiability,test_jax_interface_gradient[backprop-U3],test_jax_interface_gradient[backprop-compute_decomposition],test_multirz_jacobian[jacfwd],test_multirz_jacobian[jacrev]
add-pytest-benchmarks,4.814611113740992e-06,0.010162481199995455,0.05652934120000737,0.08173431019999952,0.02185540719999608,0.02097510397777695,0.05129907720000233,0.05028210265000297,0.050414742099999896,0.08797846094999784,0.050171787789473024,0.05216570884999783,0.050053066599996046,0.10743345220000151,0.043248364000010045,0.06438200033333885,0.013094812199994976,0.017258426799992323
refs/heads/main,4.839111113597028e-06,0.010226963799999567,0.05599228519999429,0.08025524799999743,0.02186111699999742,0.02114921619999753,0.05161558959999866,0.05074234694999831,0.05059499645000187,0.050706993999997965,0.05097851194999947,0.05092413399999742,0.05073224749999809,0.1072144805999983,0.043395704600004595,0.06535200449999934,0.012835793199991485,0.01764659919999758
