branch/tag,test_qubit_circuit_with_jit,test_probs_jax,test_jacobian_variable_multiply[jacfwd],test_jacobian_variable_multiply[jacrev],test_state_differentiability[wires0],test_state_differentiability[wires1],test_CRot_gradient[-6.283185307179586],test_CRot_gradient[-4.71238898038469],test_CRot_gradient[-3.141592653589793],test_CRot_gradient[-1.5707963267948966],test_CRot_gradient[0.0],test_CRot_gradient[1.5707963267948966],test_CRot_gradient[3.141592653589793],test_prob_differentiability,test_jax_interface_gradient[backprop-U3],test_jax_interface_gradient[backprop-compute_decomposition],test_multirz_jacobian[jacfwd],test_multirz_jacobian[jacrev]
add-pytest-benchmarks,4.741666663853215e-06,0.010410620799996195,0.21192363820000537,0.08320610480000142,0.022503471600003877,0.021936432953490497,0.05482277399999589,0.0524082707368441,0.052461687550000136,0.052194661250001675,0.052919071263156515,0.05240043210526467,0.05267148129999555,0.11010468799998989,0.04474161699999968,0.06669647816666686,0.013166276599997672,0.017212222400007703
refs/pull/2/merge,4.838388886380724e-06,0.010048343600004728,0.05618725220000442,0.07980107120000639,0.02196726520000425,0.02116069395555592,0.05157437780000009,0.050478764849995625,0.05088546049999536,0.051166418199997565,0.08557765880952199,0.0510810406000104,0.050223311700005976,0.10745000100000653,0.04256360300000779,0.06423807733332865,0.01285289020000846,0.01657850880000069
