branch/tag,test_qubit_circuit_with_jit,test_probs_jax,test_jacobian_variable_multiply[jacfwd],test_jacobian_variable_multiply[jacrev],test_state_differentiability[wires0],test_state_differentiability[wires1],test_CRot_gradient[-6.283185307179586],test_CRot_gradient[-4.71238898038469],test_CRot_gradient[-3.141592653589793],test_CRot_gradient[-1.5707963267948966],test_CRot_gradient[0.0],test_CRot_gradient[1.5707963267948966],test_CRot_gradient[3.141592653589793],test_prob_differentiability,test_jax_interface_gradient[backprop-U3],test_jax_interface_gradient[backprop-compute_decomposition],test_multirz_jacobian[jacfwd],test_multirz_jacobian[jacrev]
add-pytest-benchmarks,4.912611113165137e-06,0.01021726119999471,0.05606285279999383,0.08041738039999587,0.021696851200005085,0.021054317533335306,0.051647332600009574,0.05102360089999962,0.050548146549998306,0.08911593555000223,0.050668186650003125,0.05046627624999615,0.05037210809999948,0.1087364414000092,0.04330570239999361,0.06413857466667612,0.013007897000005642,0.01667469640000263
refs/heads/main,4.744500000381575e-06,0.010316064999994979,0.05635607399999572,0.08231485540000563,0.022391171999993277,0.02161187109302556,0.05219882859998961,0.051755998799998794,0.051434315799993156,0.05179874524999519,0.05190794794999931,0.051780918578946226,0.0523892251999996,0.10884148060000029,0.04403129319999834,0.06719249283333302,0.01312993839999308,0.017488991599998373
