branch/tag,test_qubit_circuit_with_jit,test_probs_jax,test_jacobian_variable_multiply[jacfwd],test_jacobian_variable_multiply[jacrev],test_state_differentiability[wires0],test_state_differentiability[wires1],test_CRot_gradient[-6.283185307179586],test_CRot_gradient[-4.71238898038469],test_CRot_gradient[-3.141592653589793],test_CRot_gradient[-1.5707963267948966],test_CRot_gradient[0.0],test_CRot_gradient[1.5707963267948966],test_CRot_gradient[3.141592653589793],test_prob_differentiability,test_jax_interface_gradient[backprop-U3],test_jax_interface_gradient[backprop-compute_decomposition],test_multirz_jacobian[jacfwd],test_multirz_jacobian[jacrev]
add-pytest-benchmarks,4.912611113165137e-06,0.01021726119999471,0.05606285279999383,0.08041738039999587,0.021696851200005085,0.021054317533335306,0.051647332600009574,0.05102360089999962,0.050548146549998306,0.08911593555000223,0.050668186650003125,0.05046627624999615,0.05037210809999948,0.1087364414000092,0.04330570239999361,0.06413857466667612,0.013007897000005642,0.01667469640000263
refs/heads/main,4.894777778948385e-06,0.010505115400002296,0.05644346820000692,0.080879283999991,0.022095646400003943,0.02170328902272897,0.05277843060000009,0.051678366842108255,0.05119324755000321,0.052136400449998635,0.051391285800001185,0.051164665500002114,0.05112335129999934,0.2644782802000066,0.04421398619999763,0.06673656650000244,0.013756042199997865,0.01777851239999677
