branch/tag,test_qubit_circuit_with_jit,test_probs_jax,test_jacobian_variable_multiply[jacfwd],test_jacobian_variable_multiply[jacrev],test_state_differentiability[wires0],test_state_differentiability[wires1],test_CRot_gradient[-6.283185307179586],test_CRot_gradient[-4.71238898038469],test_CRot_gradient[-3.141592653589793],test_CRot_gradient[-1.5707963267948966],test_CRot_gradient[0.0],test_CRot_gradient[1.5707963267948966],test_CRot_gradient[3.141592653589793],test_prob_differentiability,test_jax_interface_gradient[backprop-U3],test_jax_interface_gradient[backprop-compute_decomposition],test_multirz_jacobian[jacfwd],test_multirz_jacobian[jacrev]
add-pytest-benchmarks,4.741666663853215e-06,0.010410620799996195,0.21192363820000537,0.08320610480000142,0.022503471600003877,0.021936432953490497,0.05482277399999589,0.0524082707368441,0.052461687550000136,0.052194661250001675,0.052919071263156515,0.05240043210526467,0.05267148129999555,0.11010468799998989,0.04474161699999968,0.06669647816666686,0.013166276599997672,0.017212222400007703
refs/pull/2/merge,4.667999997802023e-06,0.010271533999997473,0.056292450200004396,0.08146825500000432,0.022040620999990778,0.02153939868182161,0.05185841560000313,0.051145222150000794,0.051004023049999604,0.05079274415000299,0.0506906117499966,0.051064313100002326,0.050711934350000834,0.10593913859999589,0.04321568619998857,0.06462553516666958,0.013698717000005444,0.0169182054000089
