branch/tag,test_qubit_circuit_with_jit,test_probs_jax,test_jacobian_variable_multiply[jacfwd],test_jacobian_variable_multiply[jacrev],test_state_differentiability[wires0],test_state_differentiability[wires1],test_CRot_gradient[-6.283185307179586],test_CRot_gradient[-4.71238898038469],test_CRot_gradient[-3.141592653589793],test_CRot_gradient[-1.5707963267948966],test_CRot_gradient[0.0],test_CRot_gradient[1.5707963267948966],test_CRot_gradient[3.141592653589793],test_prob_differentiability,test_jax_interface_gradient[backprop-U3],test_jax_interface_gradient[backprop-compute_decomposition],test_multirz_jacobian[jacfwd],test_multirz_jacobian[jacrev]
add-pytest-benchmarks,4.912611113165137e-06,0.01021726119999471,0.05606285279999383,0.08041738039999587,0.021696851200005085,0.021054317533335306,0.051647332600009574,0.05102360089999962,0.050548146549998306,0.08911593555000223,0.050668186650003125,0.05046627624999615,0.05037210809999948,0.1087364414000092,0.04330570239999361,0.06413857466667612,0.013007897000005642,0.01667469640000263
refs/heads/main,4.732888884164923e-06,0.010185967799998252,0.055258554599998885,0.07932437040000195,0.021347170400008508,0.021120942282606685,0.05103703699999755,0.050589989199997375,0.050555549150003286,0.05043212905000303,0.05061466435000313,0.050477423600005976,0.05033763099999078,0.10782033039999987,0.04288017959999024,0.06370605416666801,0.012707661399997506,0.016442003400015892
