branch/tag,test_qubit_circuit_with_jit,test_probs_jax,test_jacobian_variable_multiply[jacfwd],test_jacobian_variable_multiply[jacrev],test_state_differentiability[wires0],test_state_differentiability[wires1],test_CRot_gradient[-6.283185307179586],test_CRot_gradient[-4.71238898038469],test_CRot_gradient[-3.141592653589793],test_CRot_gradient[-1.5707963267948966],test_CRot_gradient[0.0],test_CRot_gradient[1.5707963267948966],test_CRot_gradient[3.141592653589793],test_prob_differentiability,test_jax_interface_gradient[backprop-U3],test_jax_interface_gradient[backprop-compute_decomposition],test_multirz_jacobian[jacfwd],test_multirz_jacobian[jacrev]
add-pytest-benchmarks,4.80338889335346e-06,0.01027328700000112,0.05591547500000047,0.08103122379999946,0.022138904000001958,0.02165712702221754,0.05286243040000045,0.052112738749997334,0.051276962899997613,0.08947874584999624,0.05127292490000031,0.05099870084999765,0.05100959415000119,0.1076338928000041,0.04358540280000511,0.06605529483334276,0.013028788399998348,0.016944331199994167
refs/heads/main,5.300499999015705e-06,0.010313536399996793,0.05673330099999703,0.08162254560000974,0.022128188199985743,0.021388689288890976,0.051668667799992817,0.053144148549995406,0.05144806845000005,0.05117950645000917,0.08876592765000453,0.051357035150005004,0.05111071555000422,0.10818725760000233,0.0434895767999933,0.06507552633334512,0.013118570200003888,0.01705311819999906
