branch/tag,test_qubit_circuit_with_jit,test_probs_jax,test_jacobian_variable_multiply[jacfwd],test_jacobian_variable_multiply[jacrev],test_state_differentiability[wires0],test_state_differentiability[wires1],test_CRot_gradient[-6.283185307179586],test_CRot_gradient[-4.71238898038469],test_CRot_gradient[-3.141592653589793],test_CRot_gradient[-1.5707963267948966],test_CRot_gradient[0.0],test_CRot_gradient[1.5707963267948966],test_CRot_gradient[3.141592653589793],test_prob_differentiability,test_jax_interface_gradient[backprop-U3],test_jax_interface_gradient[backprop-compute_decomposition],test_multirz_jacobian[jacfwd],test_multirz_jacobian[jacrev]
add-pytest-benchmarks,4.80338889335346e-06,0.01027328700000112,0.05591547500000047,0.08103122379999946,0.022138904000001958,0.02165712702221754,0.05286243040000045,0.052112738749997334,0.051276962899997613,0.08947874584999624,0.05127292490000031,0.05099870084999765,0.05100959415000119,0.1076338928000041,0.04358540280000511,0.06605529483334276,0.013028788399998348,0.016944331199994167
refs/pull/3/merge,4.789444441636685e-06,0.010128243799999836,0.054838211199989925,0.07994536619999053,0.021144558799983316,0.021318671022731387,0.04924522619999152,0.04991555899998784,0.049596342772727814,0.04988447761904321,0.04958806230000619,0.04932767304999856,0.05030259035000029,0.10621280880000086,0.04247563080000418,0.06340248216666093,0.012801065999997262,0.01610918420001326
