branch/tag,test_qubit_circuit_with_jit,test_probs_jax,test_jacobian_variable_multiply[jacfwd],test_jacobian_variable_multiply[jacrev],test_state_differentiability[wires0],test_state_differentiability[wires1],test_CRot_gradient[-6.283185307179586],test_CRot_gradient[-4.71238898038469],test_CRot_gradient[-3.141592653589793],test_CRot_gradient[-1.5707963267948966],test_CRot_gradient[0.0],test_CRot_gradient[1.5707963267948966],test_CRot_gradient[3.141592653589793],test_prob_differentiability,test_jax_interface_gradient[backprop-U3],test_jax_interface_gradient[backprop-compute_decomposition],test_multirz_jacobian[jacfwd],test_multirz_jacobian[jacrev]
add-pytest-benchmarks,7.46012500485449e-06,0.009510216199987553,0.044941335199996504,0.06775858040001595,0.019529124800010324,0.019191463255815718,0.05176663999999391,0.051957155944443736,0.05122611794118203,0.05047377611111238,0.050244825333329066,0.05007004062499831,0.05052542983333789,0.11614841959999467,0.04680240840000351,0.06640725400001202,0.011391678799986949,0.015437971400001516
refs/heads/main,6.522750005899525e-06,0.009279847400000563,0.04441540200000418,0.06624424960001533,0.019817131399997835,0.019286546244447637,0.054720578400008435,0.05446660233333015,0.05533259736842853,0.05484673363157586,0.05566337911110332,0.05543945033332736,0.054593703722228305,0.11374786939998102,0.04673235500000601,0.06364466499998873,0.012556993400016836,0.0160965688000033
