branch/tag,test_qubit_circuit_with_jit,test_probs_jax,test_jacobian_variable_multiply[jacfwd],test_jacobian_variable_multiply[jacrev],test_state_differentiability[wires0],test_state_differentiability[wires1],test_CRot_gradient[-6.283185307179586],test_CRot_gradient[-4.71238898038469],test_CRot_gradient[-3.141592653589793],test_CRot_gradient[-1.5707963267948966],test_CRot_gradient[0.0],test_CRot_gradient[1.5707963267948966],test_CRot_gradient[3.141592653589793],test_prob_differentiability,test_jax_interface_gradient[backprop-U3],test_jax_interface_gradient[backprop-compute_decomposition],test_multirz_jacobian[jacfwd],test_multirz_jacobian[jacrev]
add-pytest-benchmarks,5.379000008076673e-06,0.0100938501999849,0.0521054577999962,0.07518939519999321,0.02068385259999559,0.019994599857142248,0.05484453480000866,0.05472537866666648,0.054295114222219984,0.05403101461111722,0.05387981805554887,0.05413507877778064,0.053763492555554473,0.11922549740000932,0.04740634080000063,0.07092996016667523,0.012158126399992853,0.015566269799990096
refs/heads/main,5.633000008250141e-06,0.01040756180001381,0.05504964919999793,0.07861423339999192,0.022124862999999096,0.021706809536584198,0.05811109219998798,0.057669712294114106,0.05667771188889029,0.05702399605882433,0.056838160764705076,0.05749192523530035,0.056951938823521474,0.12267734399998745,0.050177181399999424,0.07390055139999277,0.013186505599992415,0.016582961999995406
