branch/tag,test_qubit_circuit_with_jit,test_probs_jax,test_jacobian_variable_multiply[jacfwd],test_jacobian_variable_multiply[jacrev],test_state_differentiability[wires0],test_state_differentiability[wires1],test_CRot_gradient[-6.283185307179586],test_CRot_gradient[-4.71238898038469],test_CRot_gradient[-3.141592653589793],test_CRot_gradient[-1.5707963267948966],test_CRot_gradient[0.0],test_CRot_gradient[1.5707963267948966],test_CRot_gradient[3.141592653589793],test_prob_differentiability,test_jax_interface_gradient[backprop-U3],test_jax_interface_gradient[backprop-compute_decomposition],test_multirz_jacobian[jacfwd],test_multirz_jacobian[jacrev]
add-pytest-benchmarks,5.379000008076673e-06,0.0100938501999849,0.0521054577999962,0.07518939519999321,0.02068385259999559,0.019994599857142248,0.05484453480000866,0.05472537866666648,0.054295114222219984,0.05403101461111722,0.05387981805554887,0.05413507877778064,0.053763492555554473,0.11922549740000932,0.04740634080000063,0.07092996016667523,0.012158126399992853,0.015566269799990096
refs/heads/main,7.697235299233666e-06,0.009074897399989368,0.0496576330000039,0.07214138599999842,0.020804003599994302,0.020216853627905994,0.05353612760000033,0.05256810841176469,0.053641394176472255,0.05253516864706184,0.05218882158824138,0.05257988752940852,0.05324160711764889,0.11340178820000232,0.04691819539999642,0.07292870316666722,0.011617092400001638,0.01496222339999349
