branch/tag,test_qubit_circuit_with_jit,test_probs_jax,test_jacobian_variable_multiply[jacfwd],test_jacobian_variable_multiply[jacrev],test_state_differentiability[wires0],test_state_differentiability[wires1],test_CRot_gradient[-6.283185307179586],test_CRot_gradient[-4.71238898038469],test_CRot_gradient[-3.141592653589793],test_CRot_gradient[-1.5707963267948966],test_CRot_gradient[0.0],test_CRot_gradient[1.5707963267948966],test_CRot_gradient[3.141592653589793],test_prob_differentiability,test_jax_interface_gradient[backprop-U3],test_jax_interface_gradient[backprop-compute_decomposition],test_multirz_jacobian[jacfwd],test_multirz_jacobian[jacrev]
add-pytest-benchmarks,5.379000008076673e-06,0.0100938501999849,0.0521054577999962,0.07518939519999321,0.02068385259999559,0.019994599857142248,0.05484453480000866,0.05472537866666648,0.054295114222219984,0.05403101461111722,0.05387981805554887,0.05413507877778064,0.053763492555554473,0.11922549740000932,0.04740634080000063,0.07092996016667523,0.012158126399992853,0.015566269799990096
refs/heads/main,5.373941178277164e-06,0.009071063199996843,0.05026076120000198,0.07276176119999037,0.020945910000000366,0.02058047786047657,0.05508307460000879,0.05372093587499904,0.05509922912500542,0.05314532012500095,0.052573103999998906,0.05275280800000313,0.052731688125000176,0.11536159340000722,0.04895186620000232,0.07178912980000404,0.011603263399990738,0.015103174799992302
