branch/tag,test_qubit_circuit_with_jit,test_probs_jax,test_jacobian_variable_multiply[jacfwd],test_jacobian_variable_multiply[jacrev],test_state_differentiability[wires0],test_state_differentiability[wires1],test_CRot_gradient[-6.283185307179586],test_CRot_gradient[-4.71238898038469],test_CRot_gradient[-3.141592653589793],test_CRot_gradient[-1.5707963267948966],test_CRot_gradient[0.0],test_CRot_gradient[1.5707963267948966],test_CRot_gradient[3.141592653589793],test_prob_differentiability,test_jax_interface_gradient[backprop-U3],test_jax_interface_gradient[backprop-compute_decomposition],test_multirz_jacobian[jacfwd],test_multirz_jacobian[jacrev]
add-pytest-benchmarks,7.46012500485449e-06,0.009510216199987553,0.044941335199996504,0.06775858040001595,0.019529124800010324,0.019191463255815718,0.05176663999999391,0.051957155944443736,0.05122611794118203,0.05047377611111238,0.050244825333329066,0.05007004062499831,0.05052542983333789,0.11614841959999467,0.04680240840000351,0.06640725400001202,0.011391678799986949,0.015437971400001516
refs/heads/main,6.316562490837896e-06,0.009313988999997492,0.04478460540000242,0.06774670880000713,0.018498407799984306,0.017990628888888853,0.04996013360000688,0.046984605473686485,0.047286819368432466,0.046993750315789985,0.04757476200000467,0.04726533847368249,0.04688930147367979,0.11935095539998883,0.04518786959999943,0.06130601383333101,0.011769810999999209,0.015584556199996769
