branch/tag,test_qubit_circuit_with_jit,test_probs_jax,test_jacobian_variable_multiply[jacfwd],test_jacobian_variable_multiply[jacrev],test_state_differentiability[wires0],test_state_differentiability[wires1],test_CRot_gradient[-6.283185307179586],test_CRot_gradient[-4.71238898038469],test_CRot_gradient[-3.141592653589793],test_CRot_gradient[-1.5707963267948966],test_CRot_gradient[0.0],test_CRot_gradient[1.5707963267948966],test_CRot_gradient[3.141592653589793],test_prob_differentiability,test_jax_interface_gradient[backprop-U3],test_jax_interface_gradient[backprop-compute_decomposition],test_multirz_jacobian[jacfwd],test_multirz_jacobian[jacrev]
add-pytest-benchmarks,7.46012500485449e-06,0.009510216199987553,0.044941335199996504,0.06775858040001595,0.019529124800010324,0.019191463255815718,0.05176663999999391,0.051957155944443736,0.05122611794118203,0.05047377611111238,0.050244825333329066,0.05007004062499831,0.05052542983333789,0.11614841959999467,0.04680240840000351,0.06640725400001202,0.011391678799986949,0.015437971400001516
refs/heads/main,6.255941179781931e-06,0.009205623199989077,0.044756294999990585,0.06715767639999512,0.01972345620000624,0.01925840948837144,0.05512442859997009,0.055076979777778784,0.05526187222222095,0.05464343027778619,0.05496918633333318,0.055026034052634475,0.05474013750000179,0.11685173239999358,0.04660308779999696,0.06545568359998696,0.011737934400002814,0.015491825199990216
