branch/tag,test_qubit_circuit_with_jit,test_probs_jax,test_jacobian_variable_multiply[jacfwd],test_jacobian_variable_multiply[jacrev],test_state_differentiability[wires0],test_state_differentiability[wires1],test_CRot_gradient[-6.283185307179586],test_CRot_gradient[-4.71238898038469],test_CRot_gradient[-3.141592653589793],test_CRot_gradient[-1.5707963267948966],test_CRot_gradient[0.0],test_CRot_gradient[1.5707963267948966],test_CRot_gradient[3.141592653589793],test_prob_differentiability,test_jax_interface_gradient[backprop-U3],test_jax_interface_gradient[backprop-compute_decomposition],test_multirz_jacobian[jacfwd],test_multirz_jacobian[jacrev]
add-pytest-benchmarks,5.379000008076673e-06,0.0100938501999849,0.0521054577999962,0.07518939519999321,0.02068385259999559,0.019994599857142248,0.05484453480000866,0.05472537866666648,0.054295114222219984,0.05403101461111722,0.05387981805554887,0.05413507877778064,0.053763492555554473,0.11922549740000932,0.04740634080000063,0.07092996016667523,0.012158126399992853,0.015566269799990096
refs/heads/main,5.403466658056762e-06,0.010030792800012022,0.05245195379999359,0.07557837860000519,0.021297750600001563,0.020655579255810342,0.054554367000002914,0.05439335466665954,0.05432083822222782,0.0544156010555557,0.054002512222221334,0.05511161566666879,0.05527463661111495,0.11933968700001288,0.04721867700001212,0.07097002299999151,0.012312760000008893,0.015904207599999155
