branch/tag,test_qubit_circuit_with_jit,test_probs_jax,test_jacobian_variable_multiply[jacfwd],test_jacobian_variable_multiply[jacrev],test_state_differentiability[wires0],test_state_differentiability[wires1],test_CRot_gradient[-6.283185307179586],test_CRot_gradient[-4.71238898038469],test_CRot_gradient[-3.141592653589793],test_CRot_gradient[-1.5707963267948966],test_CRot_gradient[0.0],test_CRot_gradient[1.5707963267948966],test_CRot_gradient[3.141592653589793],test_prob_differentiability,test_jax_interface_gradient[backprop-U3],test_jax_interface_gradient[backprop-compute_decomposition],test_multirz_jacobian[jacfwd],test_multirz_jacobian[jacrev]
add-pytest-benchmarks,5.379000008076673e-06,0.0100938501999849,0.0521054577999962,0.07518939519999321,0.02068385259999559,0.019994599857142248,0.05484453480000866,0.05472537866666648,0.054295114222219984,0.05403101461111722,0.05387981805554887,0.05413507877778064,0.053763492555554473,0.11922549740000932,0.04740634080000063,0.07092996016667523,0.012158126399992853,0.015566269799990096
refs/heads/main,5.408882356384899e-06,0.00901552500000662,0.05071384059999673,0.07343825580001066,0.020853531000000203,0.020758849720932684,0.05427699900001244,0.05272891293750348,0.05248525153333882,0.05267965617647472,0.05281341643749826,0.053165162294111966,0.052459720352945785,0.110817848399995,0.04731241819999923,0.07420578216667195,0.011479717399993206,0.01510374500001035
