branch/tag,test_qubit_circuit_with_jit,test_probs_jax,test_jacobian_variable_multiply[jacfwd],test_jacobian_variable_multiply[jacrev],test_state_differentiability[wires0],test_state_differentiability[wires1],test_CRot_gradient[-6.283185307179586],test_CRot_gradient[-4.71238898038469],test_CRot_gradient[-3.141592653589793],test_CRot_gradient[-1.5707963267948966],test_CRot_gradient[0.0],test_CRot_gradient[1.5707963267948966],test_CRot_gradient[3.141592653589793],test_prob_differentiability,test_jax_interface_gradient[backprop-U3],test_jax_interface_gradient[backprop-compute_decomposition],test_multirz_jacobian[jacfwd],test_multirz_jacobian[jacrev]
add-pytest-benchmarks,7.46012500485449e-06,0.009510216199987553,0.044941335199996504,0.06775858040001595,0.019529124800010324,0.019191463255815718,0.05176663999999391,0.051957155944443736,0.05122611794118203,0.05047377611111238,0.050244825333329066,0.05007004062499831,0.05052542983333789,0.11614841959999467,0.04680240840000351,0.06640725400001202,0.011391678799986949,0.015437971400001516
refs/heads/main,7.2104375021808664e-06,0.009186539399991034,0.04529434619998938,0.06868398939999451,0.019244864400013738,0.018880752547611717,0.04848682460001328,0.047357986105270665,0.04779706963159027,0.04701859516666218,0.04720337452631671,0.04692533161111593,0.04719935310525539,0.11795428480000965,0.04492999140001075,0.061467780999995135,0.011694160600006854,0.015627156800007924
