branch/tag,test_qubit_circuit_with_jit,test_probs_jax,test_jacobian_variable_multiply[jacfwd],test_jacobian_variable_multiply[jacrev],test_state_differentiability[wires0],test_state_differentiability[wires1],test_CRot_gradient[-6.283185307179586],test_CRot_gradient[-4.71238898038469],test_CRot_gradient[-3.141592653589793],test_CRot_gradient[-1.5707963267948966],test_CRot_gradient[0.0],test_CRot_gradient[1.5707963267948966],test_CRot_gradient[3.141592653589793],test_prob_differentiability,test_jax_interface_gradient[backprop-U3],test_jax_interface_gradient[backprop-compute_decomposition],test_multirz_jacobian[jacfwd],test_multirz_jacobian[jacrev]
add-pytest-benchmarks,7.46012500485449e-06,0.009510216199987553,0.044941335199996504,0.06775858040001595,0.019529124800010324,0.019191463255815718,0.05176663999999391,0.051957155944443736,0.05122611794118203,0.05047377611111238,0.050244825333329066,0.05007004062499831,0.05052542983333789,0.11614841959999467,0.04680240840000351,0.06640725400001202,0.011391678799986949,0.015437971400001516
refs/heads/main,6.981812493478401e-06,0.009312859000010576,0.045170844800020406,0.06736149220000698,0.019931788799988227,0.01953293011628597,0.0572824847999982,0.054682117499987096,0.05566033136841796,0.0556915971111083,0.054989316277770844,0.055088654388890115,0.05472046394444874,0.11677896139999575,0.19102180579999412,0.06665908959998887,0.011614788800000043,0.015584432599996489
